[
  {
    "title": "Esempio Multimedia - ARCS-VV – ARCS-VV",
    "slug": "esempio-multimedia",
    "date": "",
    "author": "ARCS-VV",
    "image": "../immagini/benner-solidarietà.png",
    "excerpt": "",
    "content": ""
  },
  {
    "title": "Evento pubblico: \"Voci migranti\" – ARCS-VV – ARCS-VV",
    "slug": "evento-voci-migranti",
    "date": "",
    "author": "ARCS-VV",
    "image": "../immagini/cover_photo-300.jpeg",
    "excerpt": "",
    "content": ""
  },
  {
    "title": "PER NON PRDERE LA NOSTRA UMANITA' – ARCS-VV – ARCS-VV",
    "slug": "per-non-prdere-la-nostra-umanita",
    "date": "",
    "author": "ARCS-VV",
    "image": "../immagini/benner-solidarietà.png",
    "excerpt": "",
    "content": ""
  },
  {
    "title": "Nuovo Post",
    "slug": "post_20250813090719",
    "date": "",
    "author": "ARCS-VV",
    "content": "",
    "excerpt": ""
  },
  {
    "title": "prova 18 – ARCS-VV – ARCS-VV",
    "slug": "prova-18",
    "date": "",
    "author": "ARCS-VV",
    "image": "../immagini/benner-solidarietà.png",
    "excerpt": "",
    "content": ""
  },
  {
    "title": "Evento pubblico: \"Voci migranti\" – ARCS-VV – ARCS-VV",
    "slug": "qualcosa-si-muove-in-provincia",
    "date": "",
    "author": "ARCS-VV",
    "image": "../immagini/blog-med-1200x630-24-690x362.jpeg",
    "excerpt": "",
    "content": ""
  },
  {
    "title": "Evento pubblico: \"Voci migranti\" – ARCS-VV – ARCS-VV",
    "slug": "raccolta-fondi",
    "date": "",
    "author": "ARCS-VV",
    "image": "../immagini/cover_photo-300.jpeg",
    "excerpt": "",
    "content": ""
  }
]