[
  {
    "title": "Esempio Multimedia - ARCS-VV – ARCS-VV",
    "slug": "esempio-multimedia",
    "date": "",
    "author": "ARCS-VV",
    "image": "../immagini/benner-solidarietà.png",
    "excerpt": "<a href=\"../news.html\">&larr; Torna all'elenco news</a>",
    "content": "<div id=\"menu-inject\"></div>\n  <script src=\"../menu.js\"></script>\n  <main style=\"max-width:800px;margin:auto;\">\n    <h1>Esempio Multimedia - ARCS-VV</h1>\n    <p style=\"color:#888;font-size:0.95em;\">Pubblicato il 2025-08-09 da ARCS-VV</p>\n    \n    \n      <img src=\"../immagini/benner-solidarietà.png\" alt=\"Solidarietà\" style=\"width:100%;height:300px;object-fit:cover;border-radius:8px;margin-bottom:1.5em;\">\n    \n    <div class=\"blog-content\">\n      \n    </div>\n    \n    \n    <p><a href=\"../news.html\">&larr; Torna all'elenco news</a></p>\n  </main>"
  },
  {
    "title": "Evento pubblico: \"Voci migranti\" – ARCS-VV – ARCS-VV",
    "slug": "evento-voci-migranti",
    "date": "",
    "author": "ARCS-VV",
    "image": "../immagini/cover_photo-300.jpeg",
    "excerpt": "<a href=\"../news.html\">&larr; Torna all'elenco news</a>",
    "content": "<div id=\"menu-inject\"></div>\n  <script src=\"../menu.js\"></script>\n  <main style=\"max-width:800px;margin:auto;\">\n    <h1>Evento pubblico: \"Voci migranti\" – ARCS-VV</h1>\n    <p style=\"color:#888;font-size:0.95em;\">Pubblicato il 2025-08-09 da ARCS-VV</p>\n    \n    \n      <img src=\"../immagini/cover_photo-300.jpeg\" alt=\"Immagine articolo\" style=\"width:100%;height:300px;object-fit:cover;border-radius:8px;margin-bottom:1.5em;\">\n    \n    <div class=\"blog-content\">\n      \n    </div>\n    \n    \n    <p><a href=\"../news.html\">&larr; Torna all'elenco news</a></p>\n  </main>"
  },
  {
    "title": "PER NON PRDERE LA NOSTRA UMANITA' – ARCS-VV – ARCS-VV",
    "slug": "per-non-prdere-la-nostra-umanita",
    "date": "",
    "author": "ARCS-VV",
    "image": "../immagini/benner-solidarietà.png",
    "excerpt": "<a href=\"../news.html\">&larr; Torna all'elenco news</a>",
    "content": "<div id=\"menu-inject\"></div>\n  <script src=\"../menu.js\"></script>\n  <main style=\"max-width:800px;margin:auto;\">\n    <h1>PER NON PRDERE LA NOSTRA UMANITA' – ARCS-VV</h1>\n    <p style=\"color:#888;font-size:0.95em;\">Pubblicato il 2025-08-09 da ARCS-VV</p>\n    \n    \n      <img src=\"../immagini/benner-solidarietà.png\" alt=\"Solidarietà\" style=\"width:100%;height:300px;object-fit:cover;border-radius:8px;margin-bottom:1.5em;\">\n    \n    <div class=\"blog-content\">\n      \n    </div>\n    \n    \n    <p><a href=\"../news.html\">&larr; Torna all'elenco news</a></p>\n  </main>"
  },
  {
    "title": "Nuovo Post",
    "slug": "post_20250813090719",
    "date": "",
    "author": "ARCS-VV"
  },
  {
    "title": "prova 18 – ARCS-VV – ARCS-VV",
    "slug": "prova-18",
    "date": "",
    "author": "ARCS-VV",
    "image": "../immagini/benner-solidarietà.png",
    "excerpt": "<a href=\"../news.html\">&larr; Torna all'elenco news</a>",
    "content": "<div id=\"menu-inject\"></div>\n  <script src=\"../menu.js\"></script>\n  <main style=\"max-width:800px;margin:auto;\">\n    <h1>prova 18 – ARCS-VV</h1>\n    <p style=\"color:#888;font-size:0.95em;\">Pubblicato il 2025-08-09 da ARCS-VV</p>\n    \n    \n      <img src=\"../immagini/benner-solidarietà.png\" alt=\"Solidarietà\" style=\"width:100%;height:300px;object-fit:cover;border-radius:8px;margin-bottom:1.5em;\">\n    \n    <div class=\"blog-content\">\n      \n    </div>\n    \n    \n    <p><a href=\"../news.html\">&larr; Torna all'elenco news</a></p>\n  </main>"
  },
  {
    "title": "Evento pubblico: \"Voci migranti\" – ARCS-VV – ARCS-VV",
    "slug": "qualcosa-si-muove-in-provincia",
    "date": "",
    "author": "ARCS-VV",
    "image": "../immagini/blog-med-1200x630-24-690x362.jpeg",
    "excerpt": "<a href=\"../news.html\">&larr; Torna all'elenco news</a>",
    "content": "<div id=\"menu-inject\"></div>\n  <script src=\"../menu.js\"></script>\n  <main style=\"max-width:800px;margin:auto;\">\n    <h1>Evento pubblico: \"Voci migranti\" – ARCS-VV</h1>\n    <p style=\"color:#888;font-size:0.95em;\">Pubblicato il 2025-08-09 da ARCS-VV</p>\n    \n    \n      <img src=\"../immagini/blog-med-1200x630-24-690x362.jpeg\" alt=\"Immagine articolo\" style=\"width:100%;height:300px;object-fit:cover;border-radius:8px;margin-bottom:1.5em;\">\n    \n    <div class=\"blog-content\">\n      \n    </div>\n    \n    \n    <p><a href=\"../news.html\">&larr; Torna all'elenco news</a></p>\n  </main>"
  },
  {
    "title": "Evento pubblico: \"Voci migranti\" – ARCS-VV – ARCS-VV",
    "slug": "raccolta-fondi",
    "date": "",
    "author": "ARCS-VV",
    "image": "../immagini/cover_photo-300.jpeg",
    "excerpt": "<a href=\"../news.html\">&larr; Torna all'elenco news</a>",
    "content": "<div id=\"menu-inject\"></div>\n  <script src=\"../menu.js\"></script>\n  <main style=\"max-width:800px;margin:auto;\">\n    <h1>Evento pubblico: \"Voci migranti\" – ARCS-VV</h1>\n    <p style=\"color:#888;font-size:0.95em;\">Pubblicato il 2025-08-09 da ARCS-VV</p>\n    \n    \n      <img src=\"../immagini/cover_photo-300.jpeg\" alt=\"Immagine articolo\" style=\"width:100%;height:300px;object-fit:cover;border-radius:8px;margin-bottom:1.5em;\">\n    \n    <div class=\"blog-content\">\n      \n    </div>\n    \n    \n    <p><a href=\"../news.html\">&larr; Torna all'elenco news</a></p>\n  </main>"
  }
]